folder,filename,class
01_SOURCE_SCAD,01_main_chassis.scad,SOURCE
01_SOURCE_SCAD,03_top_cover.scad,SOURCE
01_SOURCE_SCAD,04_pcb_tray.scad,SOURCE
01_SOURCE_SCAD,05_servo_mount.scad,SOURCE
01_SOURCE_SCAD,06_limit_switch_mount.scad,SOURCE
01_SOURCE_SCAD,08_phone_neck_16mm.scad,SOURCE
01_SOURCE_SCAD,09B_caster_tab_retainer.scad,SOURCE
01_SOURCE_SCAD,09C_caster_shim_1mm.scad,SOURCE
01_SOURCE_SCAD,09C_caster_shim_2mm.scad,SOURCE
01_SOURCE_SCAD,09C_caster_shim_3mm.scad,SOURCE
01_SOURCE_SCAD,09C_caster_shim_parametric.scad,SOURCE
01_SOURCE_SCAD,09_caster_cartridge.scad,SOURCE
01_SOURCE_SCAD,10_cable_clip.scad,SOURCE
01_SOURCE_SCAD,13B_rear_service_hatch_usbc_TEST.scad,SOURCE
01_SOURCE_SCAD,13_rear_service_hatch.scad,SOURCE
01_SOURCE_SCAD,15_tb6612fng_tray.scad,SOURCE
01_SOURCE_SCAD,16_usbc_breakout_holder.scad,SOURCE
01_SOURCE_SCAD,17_tof_front_bezel.scad,SOURCE
01_SOURCE_SCAD,18_neck_landing_trim.scad,SOURCE
01_SOURCE_SCAD,19B_klife_pd_q2_battery_tray.scad,SOURCE
01_SOURCE_SCAD,20_cable_bridge.scad,SOURCE
01_SOURCE_SCAD,21S_electronics_standoff_20mm.scad,SOURCE
01_SOURCE_SCAD,21_upper_electronics_bridge.scad,SOURCE
01_SOURCE_SCAD,22_servo_horn_adapter_universal.scad,SOURCE
01_SOURCE_SCAD,23_lock_arm_parametric.scad,SOURCE
01_SOURCE_SCAD,23_lock_arm_reach_18mm.scad,SOURCE
01_SOURCE_SCAD,23_lock_arm_reach_22mm.scad,SOURCE
01_SOURCE_SCAD,23_lock_arm_reach_26mm.scad,SOURCE
01_SOURCE_SCAD,23_lock_arm_reach_30mm.scad,SOURCE
01_SOURCE_SCAD,24_lock_contact_pad.scad,SOURCE
01_SOURCE_SCAD,25_servo_lock_datum_jig.scad,SOURCE
01_SOURCE_SCAD,90_release_assembly.scad,SOURCE
01_SOURCE_SCAD,91_release_exploded.scad,SOURCE
01_SOURCE_SCAD,woli_component_refs.scad,SOURCE
01_SOURCE_SCAD,woli_config.scad,SOURCE
01_SOURCE_SCAD,woli_lib.scad,SOURCE
02_STL_RELEASE,01_main_chassis.stl,RELEASE_STL
02_STL_RELEASE,03_top_cover.stl,RELEASE_STL
02_STL_RELEASE,04_pcb_tray.stl,RELEASE_STL
02_STL_RELEASE,05_servo_mount.stl,RELEASE_STL
02_STL_RELEASE,06_limit_switch_mount.stl,RELEASE_STL
02_STL_RELEASE,08_phone_neck_16mm.stl,RELEASE_STL
02_STL_RELEASE,09B_caster_tab_retainer.stl,RELEASE_STL
02_STL_RELEASE,09_caster_cartridge.stl,RELEASE_STL
02_STL_RELEASE,10_cable_clip.stl,RELEASE_STL
02_STL_RELEASE,13_rear_service_hatch.stl,RELEASE_STL
02_STL_RELEASE,15_tb6612fng_tray.stl,RELEASE_STL
02_STL_RELEASE,16_usbc_breakout_holder.stl,RELEASE_STL
02_STL_RELEASE,17_tof_front_bezel.stl,RELEASE_STL
02_STL_RELEASE,19B_klife_pd_q2_battery_tray.stl,RELEASE_STL
02_STL_RELEASE,20_cable_bridge.stl,RELEASE_STL
02_STL_RELEASE,21S_electronics_standoff_20mm.stl,RELEASE_STL
02_STL_RELEASE,21_upper_electronics_bridge.stl,RELEASE_STL
03_STL_FIT_TEST,09C_caster_shim_1mm.stl,FIT_TEST_STL
03_STL_FIT_TEST,09C_caster_shim_2mm.stl,FIT_TEST_STL
03_STL_FIT_TEST,09C_caster_shim_3mm.stl,FIT_TEST_STL
03_STL_FIT_TEST,13B_rear_service_hatch_usbc_TEST.stl,FIT_TEST_STL
03_STL_FIT_TEST,18_neck_landing_trim.stl,FIT_TEST_STL
03_STL_FIT_TEST,22_servo_horn_adapter_universal.stl,FIT_TEST_STL
03_STL_FIT_TEST,23_lock_arm_reach_18mm.stl,FIT_TEST_STL
03_STL_FIT_TEST,23_lock_arm_reach_22mm.stl,FIT_TEST_STL
03_STL_FIT_TEST,23_lock_arm_reach_26mm.stl,FIT_TEST_STL
03_STL_FIT_TEST,23_lock_arm_reach_30mm.stl,FIT_TEST_STL
03_STL_FIT_TEST,24_lock_contact_pad.stl,FIT_TEST_STL
03_STL_FIT_TEST,25_servo_lock_datum_jig.stl,FIT_TEST_STL
04_REFERENCE,WOLI_V1_1_EXPLODED.png,REFERENCE
04_REFERENCE,WOLI_V1_1_RELEASE_ASSEMBLY.png,REFERENCE
05_DOCUMENTS,01_ASSEMBLY_ORDER_KO.txt,DOCUMENT
05_DOCUMENTS,02_FASTENER_PLAN_KO.txt,DOCUMENT
05_DOCUMENTS,03_PRINT_GUIDE_KO.txt,DOCUMENT
05_DOCUMENTS,04_ENGINEERING_AUDIT_KO.txt,DOCUMENT
05_DOCUMENTS,05_PHYSICAL_VALIDATION_ITEMS_KO.txt,DOCUMENT
05_DOCUMENTS,06_BOM.csv,DOCUMENT
05_DOCUMENTS,07_STL_QA.json,DOCUMENT
05_DOCUMENTS,08_ENGINEERING_CHECKS.json,DOCUMENT
05_DOCUMENTS,09_RELEASE_INDEX_KO.txt,DOCUMENT
06_HARDWARE_FEEDBACK,HARDWARE_FEEDBACK_FORM_KO.txt,FEEDBACK
